{
  "dataset_revision": "ec0fa4fe99da2ff19ca1214b7966684033a58814",
  "task_name": "NFCorpus",
  "mteb_version": "1.39.7",
  "scores": {
    "test": [
      {
        "ndcg_at_1": 0.02167,
        "ndcg_at_3": 0.0204,
        "ndcg_at_5": 0.02472,
        "ndcg_at_10": 0.02388,
        "ndcg_at_20": 0.02371,
        "ndcg_at_100": 0.03672,
        "ndcg_at_1000": 0.12554,
        "map_at_1": 0.00101,
        "map_at_3": 0.002,
        "map_at_5": 0.00268,
        "map_at_10": 0.0031,
        "map_at_20": 0.00361,
        "map_at_100": 0.00537,
        "map_at_1000": 0.01027,
        "recall_at_1": 0.00101,
        "recall_at_3": 0.00311,
        "recall_at_5": 0.00603,
        "recall_at_10": 0.00846,
        "recall_at_20": 0.01566,
        "recall_at_100": 0.05851,
        "recall_at_1000": 0.37347,
        "precision_at_1": 0.02477,
        "precision_at_3": 0.02064,
        "precision_at_5": 0.02786,
        "precision_at_10": 0.02322,
        "precision_at_20": 0.01904,
        "precision_at_100": 0.017,
        "precision_at_1000": 0.01257,
        "mrr_at_1": 0.024768,
        "mrr_at_3": 0.040248,
        "mrr_at_5": 0.051703,
        "mrr_at_10": 0.059561,
        "mrr_at_20": 0.064716,
        "mrr_at_100": 0.071343,
        "mrr_at_1000": 0.07283,
        "nauc_ndcg_at_1_max": -0.017599,
        "nauc_ndcg_at_1_std": -0.386035,
        "nauc_ndcg_at_1_diff1": -0.213215,
        "nauc_ndcg_at_3_max": 0.099178,
        "nauc_ndcg_at_3_std": -0.333914,
        "nauc_ndcg_at_3_diff1": -0.233423,
        "nauc_ndcg_at_5_max": 0.057937,
        "nauc_ndcg_at_5_std": -0.298202,
        "nauc_ndcg_at_5_diff1": -0.183215,
        "nauc_ndcg_at_10_max": 0.101083,
        "nauc_ndcg_at_10_std": -0.324366,
        "nauc_ndcg_at_10_diff1": -0.215233,
        "nauc_ndcg_at_20_max": 0.0547,
        "nauc_ndcg_at_20_std": -0.251573,
        "nauc_ndcg_at_20_diff1": -0.189083,
        "nauc_ndcg_at_100_max": 0.007762,
        "nauc_ndcg_at_100_std": -0.209543,
        "nauc_ndcg_at_100_diff1": -0.16903,
        "nauc_ndcg_at_1000_max": -0.00823,
        "nauc_ndcg_at_1000_std": -0.181937,
        "nauc_ndcg_at_1000_diff1": -0.120408,
        "nauc_map_at_1_max": 0.059971,
        "nauc_map_at_1_std": -0.399501,
        "nauc_map_at_1_diff1": -0.331367,
        "nauc_map_at_3_max": 0.0419,
        "nauc_map_at_3_std": -0.400194,
        "nauc_map_at_3_diff1": -0.395797,
        "nauc_map_at_5_max": 0.038054,
        "nauc_map_at_5_std": -0.343733,
        "nauc_map_at_5_diff1": -0.307339,
        "nauc_map_at_10_max": 0.070635,
        "nauc_map_at_10_std": -0.342388,
        "nauc_map_at_10_diff1": -0.299266,
        "nauc_map_at_20_max": 0.034779,
        "nauc_map_at_20_std": -0.251088,
        "nauc_map_at_20_diff1": -0.2457,
        "nauc_map_at_100_max": 0.024613,
        "nauc_map_at_100_std": -0.255966,
        "nauc_map_at_100_diff1": -0.236267,
        "nauc_map_at_1000_max": 0.01238,
        "nauc_map_at_1000_std": -0.264609,
        "nauc_map_at_1000_diff1": -0.239743,
        "nauc_recall_at_1_max": 0.059971,
        "nauc_recall_at_1_std": -0.399501,
        "nauc_recall_at_1_diff1": -0.331367,
        "nauc_recall_at_3_max": 0.046556,
        "nauc_recall_at_3_std": -0.400752,
        "nauc_recall_at_3_diff1": -0.39927,
        "nauc_recall_at_5_max": -0.007944,
        "nauc_recall_at_5_std": -0.269783,
        "nauc_recall_at_5_diff1": -0.216306,
        "nauc_recall_at_10_max": 0.070247,
        "nauc_recall_at_10_std": -0.278637,
        "nauc_recall_at_10_diff1": -0.227353,
        "nauc_recall_at_20_max": -0.052063,
        "nauc_recall_at_20_std": 0.065332,
        "nauc_recall_at_20_diff1": -0.055182,
        "nauc_recall_at_100_max": -0.053819,
        "nauc_recall_at_100_std": -0.06518,
        "nauc_recall_at_100_diff1": -0.077763,
        "nauc_recall_at_1000_max": -0.071774,
        "nauc_recall_at_1000_std": 0.040382,
        "nauc_recall_at_1000_diff1": 0.030539,
        "nauc_precision_at_1_max": -0.015031,
        "nauc_precision_at_1_std": -0.381807,
        "nauc_precision_at_1_diff1": -0.232332,
        "nauc_precision_at_3_max": 0.136481,
        "nauc_precision_at_3_std": -0.3263,
        "nauc_precision_at_3_diff1": -0.235924,
        "nauc_precision_at_5_max": 0.07877,
        "nauc_precision_at_5_std": -0.283385,
        "nauc_precision_at_5_diff1": -0.165754,
        "nauc_precision_at_10_max": 0.125137,
        "nauc_precision_at_10_std": -0.319315,
        "nauc_precision_at_10_diff1": -0.199566,
        "nauc_precision_at_20_max": 0.041446,
        "nauc_precision_at_20_std": -0.267072,
        "nauc_precision_at_20_diff1": -0.172675,
        "nauc_precision_at_100_max": 0.04088,
        "nauc_precision_at_100_std": -0.277354,
        "nauc_precision_at_100_diff1": -0.207691,
        "nauc_precision_at_1000_max": 0.017504,
        "nauc_precision_at_1000_std": -0.277868,
        "nauc_precision_at_1000_diff1": -0.210526,
        "nauc_mrr_at_1_max": -0.015031,
        "nauc_mrr_at_1_std": -0.381807,
        "nauc_mrr_at_1_diff1": -0.232332,
        "nauc_mrr_at_3_max": 0.070131,
        "nauc_mrr_at_3_std": -0.339126,
        "nauc_mrr_at_3_diff1": -0.248212,
        "nauc_mrr_at_5_max": 0.044074,
        "nauc_mrr_at_5_std": -0.298291,
        "nauc_mrr_at_5_diff1": -0.218137,
        "nauc_mrr_at_10_max": 0.053249,
        "nauc_mrr_at_10_std": -0.298604,
        "nauc_mrr_at_10_diff1": -0.229897,
        "nauc_mrr_at_20_max": 0.042185,
        "nauc_mrr_at_20_std": -0.280697,
        "nauc_mrr_at_20_diff1": -0.213808,
        "nauc_mrr_at_100_max": 0.042566,
        "nauc_mrr_at_100_std": -0.278054,
        "nauc_mrr_at_100_diff1": -0.207095,
        "nauc_mrr_at_1000_max": 0.042831,
        "nauc_mrr_at_1000_std": -0.279346,
        "nauc_mrr_at_1000_diff1": -0.20818,
        "main_score": 0.02388,
        "hf_subset": "default",
        "languages": [
          "eng-Latn"
        ]
      }
    ]
  },
  "evaluation_time": 7.266197204589844,
  "kg_co2_emissions": null
}