{
  "dataset_revision": "0228b52cf27578f30900b9e5271d331663a030d7",
  "task_name": "SciFact",
  "mteb_version": "1.39.7",
  "scores": {
    "test": [
      {
        "ndcg_at_1": 0.06333,
        "ndcg_at_3": 0.07223,
        "ndcg_at_5": 0.07885,
        "ndcg_at_10": 0.08972,
        "ndcg_at_20": 0.09553,
        "ndcg_at_100": 0.12057,
        "ndcg_at_1000": 0.15912,
        "map_at_1": 0.06083,
        "map_at_3": 0.06861,
        "map_at_5": 0.07244,
        "map_at_10": 0.07647,
        "map_at_20": 0.07801,
        "map_at_100": 0.08126,
        "map_at_1000": 0.08235,
        "recall_at_1": 0.06083,
        "recall_at_3": 0.07917,
        "recall_at_5": 0.09583,
        "recall_at_10": 0.12983,
        "recall_at_20": 0.15317,
        "recall_at_100": 0.28744,
        "recall_at_1000": 0.60289,
        "precision_at_1": 0.06333,
        "precision_at_3": 0.02778,
        "precision_at_5": 0.02,
        "precision_at_10": 0.014,
        "precision_at_20": 0.00817,
        "precision_at_100": 0.00313,
        "precision_at_1000": 0.00068,
        "mrr_at_1": 0.063333,
        "mrr_at_3": 0.071667,
        "mrr_at_5": 0.0755,
        "mrr_at_10": 0.080319,
        "mrr_at_20": 0.081865,
        "mrr_at_100": 0.085364,
        "mrr_at_1000": 0.08638,
        "nauc_ndcg_at_1_max": 0.262974,
        "nauc_ndcg_at_1_std": -0.183356,
        "nauc_ndcg_at_1_diff1": 0.489882,
        "nauc_ndcg_at_3_max": 0.259545,
        "nauc_ndcg_at_3_std": -0.19113,
        "nauc_ndcg_at_3_diff1": 0.412529,
        "nauc_ndcg_at_5_max": 0.235474,
        "nauc_ndcg_at_5_std": -0.174958,
        "nauc_ndcg_at_5_diff1": 0.409602,
        "nauc_ndcg_at_10_max": 0.228113,
        "nauc_ndcg_at_10_std": -0.176368,
        "nauc_ndcg_at_10_diff1": 0.383964,
        "nauc_ndcg_at_20_max": 0.219877,
        "nauc_ndcg_at_20_std": -0.180388,
        "nauc_ndcg_at_20_diff1": 0.364464,
        "nauc_ndcg_at_100_max": 0.213023,
        "nauc_ndcg_at_100_std": -0.200389,
        "nauc_ndcg_at_100_diff1": 0.297646,
        "nauc_ndcg_at_1000_max": 0.192477,
        "nauc_ndcg_at_1000_std": -0.16429,
        "nauc_ndcg_at_1000_diff1": 0.289016,
        "nauc_map_at_1_max": 0.276681,
        "nauc_map_at_1_std": -0.173833,
        "nauc_map_at_1_diff1": 0.496705,
        "nauc_map_at_3_max": 0.263623,
        "nauc_map_at_3_std": -0.185569,
        "nauc_map_at_3_diff1": 0.432288,
        "nauc_map_at_5_max": 0.248819,
        "nauc_map_at_5_std": -0.176836,
        "nauc_map_at_5_diff1": 0.429661,
        "nauc_map_at_10_max": 0.246232,
        "nauc_map_at_10_std": -0.178596,
        "nauc_map_at_10_diff1": 0.416844,
        "nauc_map_at_20_max": 0.243118,
        "nauc_map_at_20_std": -0.179238,
        "nauc_map_at_20_diff1": 0.409793,
        "nauc_map_at_100_max": 0.243956,
        "nauc_map_at_100_std": -0.184219,
        "nauc_map_at_100_diff1": 0.395913,
        "nauc_map_at_1000_max": 0.243257,
        "nauc_map_at_1000_std": -0.1833,
        "nauc_map_at_1000_diff1": 0.394838,
        "nauc_recall_at_1_max": 0.276681,
        "nauc_recall_at_1_std": -0.173833,
        "nauc_recall_at_1_diff1": 0.496705,
        "nauc_recall_at_3_max": 0.26361,
        "nauc_recall_at_3_std": -0.199921,
        "nauc_recall_at_3_diff1": 0.372104,
        "nauc_recall_at_5_max": 0.21069,
        "nauc_recall_at_5_std": -0.166673,
        "nauc_recall_at_5_diff1": 0.371552,
        "nauc_recall_at_10_max": 0.201165,
        "nauc_recall_at_10_std": -0.17819,
        "nauc_recall_at_10_diff1": 0.316262,
        "nauc_recall_at_20_max": 0.183508,
        "nauc_recall_at_20_std": -0.19105,
        "nauc_recall_at_20_diff1": 0.273958,
        "nauc_recall_at_100_max": 0.160249,
        "nauc_recall_at_100_std": -0.233916,
        "nauc_recall_at_100_diff1": 0.118206,
        "nauc_recall_at_1000_max": 0.05099,
        "nauc_recall_at_1000_std": -0.060048,
        "nauc_recall_at_1000_diff1": 0.079374,
        "nauc_precision_at_1_max": 0.262974,
        "nauc_precision_at_1_std": -0.183356,
        "nauc_precision_at_1_diff1": 0.489882,
        "nauc_precision_at_3_max": 0.250282,
        "nauc_precision_at_3_std": -0.200408,
        "nauc_precision_at_3_diff1": 0.359098,
        "nauc_precision_at_5_max": 0.201789,
        "nauc_precision_at_5_std": -0.168464,
        "nauc_precision_at_5_diff1": 0.360737,
        "nauc_precision_at_10_max": 0.173971,
        "nauc_precision_at_10_std": -0.144512,
        "nauc_precision_at_10_diff1": 0.323674,
        "nauc_precision_at_20_max": 0.160112,
        "nauc_precision_at_20_std": -0.160427,
        "nauc_precision_at_20_diff1": 0.28257,
        "nauc_precision_at_100_max": 0.141644,
        "nauc_precision_at_100_std": -0.214539,
        "nauc_precision_at_100_diff1": 0.129658,
        "nauc_precision_at_1000_max": 0.050619,
        "nauc_precision_at_1000_std": -0.021988,
        "nauc_precision_at_1000_diff1": 0.092491,
        "nauc_mrr_at_1_max": 0.262974,
        "nauc_mrr_at_1_std": -0.183356,
        "nauc_mrr_at_1_diff1": 0.489882,
        "nauc_mrr_at_3_max": 0.250685,
        "nauc_mrr_at_3_std": -0.191373,
        "nauc_mrr_at_3_diff1": 0.423559,
        "nauc_mrr_at_5_max": 0.237137,
        "nauc_mrr_at_5_std": -0.182699,
        "nauc_mrr_at_5_diff1": 0.421482,
        "nauc_mrr_at_10_max": 0.229962,
        "nauc_mrr_at_10_std": -0.176815,
        "nauc_mrr_at_10_diff1": 0.410096,
        "nauc_mrr_at_20_max": 0.227196,
        "nauc_mrr_at_20_std": -0.177452,
        "nauc_mrr_at_20_diff1": 0.403448,
        "nauc_mrr_at_100_max": 0.228246,
        "nauc_mrr_at_100_std": -0.18201,
        "nauc_mrr_at_100_diff1": 0.389474,
        "nauc_mrr_at_1000_max": 0.228122,
        "nauc_mrr_at_1000_std": -0.181425,
        "nauc_mrr_at_1000_diff1": 0.388581,
        "main_score": 0.08972,
        "hf_subset": "default",
        "languages": [
          "eng-Latn"
        ]
      }
    ]
  },
  "evaluation_time": 12.256475925445557,
  "kg_co2_emissions": null
}