{
  "dataset_revision": "0228b52cf27578f30900b9e5271d331663a030d7",
  "task_name": "SciFact",
  "mteb_version": "1.39.7",
  "scores": {
    "test": [
      {
        "ndcg_at_1": 0.50333,
        "ndcg_at_3": 0.59673,
        "ndcg_at_5": 0.62928,
        "ndcg_at_10": 0.64508,
        "ndcg_at_20": 0.65988,
        "ndcg_at_100": 0.67665,
        "ndcg_at_1000": 0.68552,
        "map_at_1": 0.48233,
        "map_at_3": 0.56564,
        "map_at_5": 0.58826,
        "map_at_10": 0.59593,
        "map_at_20": 0.60051,
        "map_at_100": 0.60307,
        "map_at_1000": 0.60343,
        "recall_at_1": 0.48233,
        "recall_at_3": 0.66033,
        "recall_at_5": 0.73794,
        "recall_at_10": 0.78333,
        "recall_at_20": 0.83733,
        "recall_at_100": 0.925,
        "recall_at_1000": 0.99333,
        "precision_at_1": 0.50333,
        "precision_at_3": 0.23778,
        "precision_at_5": 0.164,
        "precision_at_10": 0.08833,
        "precision_at_20": 0.0475,
        "precision_at_100": 0.01053,
        "precision_at_1000": 0.00112,
        "mrr_at_1": 0.503333,
        "mrr_at_3": 0.583333,
        "mrr_at_5": 0.599667,
        "mrr_at_10": 0.604725,
        "mrr_at_20": 0.608868,
        "mrr_at_100": 0.610968,
        "mrr_at_1000": 0.611296,
        "nauc_ndcg_at_1_max": 0.367176,
        "nauc_ndcg_at_1_std": -0.05959,
        "nauc_ndcg_at_1_diff1": 0.700517,
        "nauc_ndcg_at_3_max": 0.39984,
        "nauc_ndcg_at_3_std": -0.055313,
        "nauc_ndcg_at_3_diff1": 0.627509,
        "nauc_ndcg_at_5_max": 0.414904,
        "nauc_ndcg_at_5_std": -0.020891,
        "nauc_ndcg_at_5_diff1": 0.632404,
        "nauc_ndcg_at_10_max": 0.421827,
        "nauc_ndcg_at_10_std": -0.00983,
        "nauc_ndcg_at_10_diff1": 0.630349,
        "nauc_ndcg_at_20_max": 0.447234,
        "nauc_ndcg_at_20_std": 0.00522,
        "nauc_ndcg_at_20_diff1": 0.639832,
        "nauc_ndcg_at_100_max": 0.437104,
        "nauc_ndcg_at_100_std": 0.006308,
        "nauc_ndcg_at_100_diff1": 0.640575,
        "nauc_ndcg_at_1000_max": 0.425797,
        "nauc_ndcg_at_1000_std": -0.007787,
        "nauc_ndcg_at_1000_diff1": 0.64393,
        "nauc_map_at_1_max": 0.342495,
        "nauc_map_at_1_std": -0.112326,
        "nauc_map_at_1_diff1": 0.703299,
        "nauc_map_at_3_max": 0.381152,
        "nauc_map_at_3_std": -0.084578,
        "nauc_map_at_3_diff1": 0.64932,
        "nauc_map_at_5_max": 0.400353,
        "nauc_map_at_5_std": -0.05399,
        "nauc_map_at_5_diff1": 0.653104,
        "nauc_map_at_10_max": 0.406862,
        "nauc_map_at_10_std": -0.04277,
        "nauc_map_at_10_diff1": 0.652484,
        "nauc_map_at_20_max": 0.413611,
        "nauc_map_at_20_std": -0.038538,
        "nauc_map_at_20_diff1": 0.655335,
        "nauc_map_at_100_max": 0.411669,
        "nauc_map_at_100_std": -0.03819,
        "nauc_map_at_100_diff1": 0.655269,
        "nauc_map_at_1000_max": 0.411239,
        "nauc_map_at_1000_std": -0.038748,
        "nauc_map_at_1000_diff1": 0.655337,
        "nauc_recall_at_1_max": 0.342495,
        "nauc_recall_at_1_std": -0.112326,
        "nauc_recall_at_1_diff1": 0.703299,
        "nauc_recall_at_3_max": 0.401933,
        "nauc_recall_at_3_std": -0.048246,
        "nauc_recall_at_3_diff1": 0.553355,
        "nauc_recall_at_5_max": 0.443006,
        "nauc_recall_at_5_std": 0.052648,
        "nauc_recall_at_5_diff1": 0.548228,
        "nauc_recall_at_10_max": 0.468468,
        "nauc_recall_at_10_std": 0.078519,
        "nauc_recall_at_10_diff1": 0.536647,
        "nauc_recall_at_20_max": 0.637634,
        "nauc_recall_at_20_std": 0.194102,
        "nauc_recall_at_20_diff1": 0.567418,
        "nauc_recall_at_100_max": 0.686295,
        "nauc_recall_at_100_std": 0.377601,
        "nauc_recall_at_100_diff1": 0.522212,
        "nauc_recall_at_1000_max": 0.152894,
        "nauc_recall_at_1000_std": 0.338469,
        "nauc_recall_at_1000_diff1": 0.358077,
        "nauc_precision_at_1_max": 0.367176,
        "nauc_precision_at_1_std": -0.05959,
        "nauc_precision_at_1_diff1": 0.700517,
        "nauc_precision_at_3_max": 0.421988,
        "nauc_precision_at_3_std": 0.083798,
        "nauc_precision_at_3_diff1": 0.442905,
        "nauc_precision_at_5_max": 0.42352,
        "nauc_precision_at_5_std": 0.247358,
        "nauc_precision_at_5_diff1": 0.309803,
        "nauc_precision_at_10_max": 0.395139,
        "nauc_precision_at_10_std": 0.313068,
        "nauc_precision_at_10_diff1": 0.215544,
        "nauc_precision_at_20_max": 0.449628,
        "nauc_precision_at_20_std": 0.393184,
        "nauc_precision_at_20_diff1": 0.154855,
        "nauc_precision_at_100_max": 0.307783,
        "nauc_precision_at_100_std": 0.468742,
        "nauc_precision_at_100_diff1": -0.034464,
        "nauc_precision_at_1000_max": 0.164411,
        "nauc_precision_at_1000_std": 0.474167,
        "nauc_precision_at_1000_diff1": -0.207636,
        "nauc_mrr_at_1_max": 0.367176,
        "nauc_mrr_at_1_std": -0.05959,
        "nauc_mrr_at_1_diff1": 0.700517,
        "nauc_mrr_at_3_max": 0.407256,
        "nauc_mrr_at_3_std": -0.028153,
        "nauc_mrr_at_3_diff1": 0.648973,
        "nauc_mrr_at_5_max": 0.408702,
        "nauc_mrr_at_5_std": -0.013677,
        "nauc_mrr_at_5_diff1": 0.650131,
        "nauc_mrr_at_10_max": 0.409208,
        "nauc_mrr_at_10_std": -0.015533,
        "nauc_mrr_at_10_diff1": 0.650045,
        "nauc_mrr_at_20_max": 0.41489,
        "nauc_mrr_at_20_std": -0.012755,
        "nauc_mrr_at_20_diff1": 0.652883,
        "nauc_mrr_at_100_max": 0.413479,
        "nauc_mrr_at_100_std": -0.012992,
        "nauc_mrr_at_100_diff1": 0.65331,
        "nauc_mrr_at_1000_max": 0.413117,
        "nauc_mrr_at_1000_std": -0.013445,
        "nauc_mrr_at_1000_diff1": 0.653409,
        "main_score": 0.64508,
        "hf_subset": "default",
        "languages": [
          "eng-Latn"
        ]
      }
    ]
  },
  "evaluation_time": 8.151215314865112,
  "kg_co2_emissions": null
}