{
  "summary": {
    "overall_pass_rate": 0.8333333333333335,
    "latin_scripts_pass_rate": 0.8333333333333335,
    "non_latin_scripts_pass_rate": 0.8333333333333335,
    "latin_avg_score": 0.9613306491833556,
    "non_latin_avg_score": 0.9837349266580085
  },
  "by_language": {
    "Français (FR)": {
      "tests": {
        "fr_explique": {
          "success": true,
          "score": 0.9401072711689227
        },
        "fr_trouve": {
          "success": true,
          "score": 0.9799543976289968
        }
      },
      "pass_rate": 1.0
    },
    "Español (ES)": {
      "tests": {
        "es_explica": {
          "success": true,
          "score": 0.9631832538174981
        },
        "es_encuentra": {
          "success": false,
          "score": 0.9470914760611497
        }
      },
      "pass_rate": 0.5
    },
    "Deutsch (DE)": {
      "tests": {
        "de_erklaere": {
          "success": true,
          "score": 0.9584464251885675
        },
        "de_finde": {
          "success": true,
          "score": 0.9792010712349993
        }
      },
      "pass_rate": 1.0
    },
    "中文 (ZH)": {
      "tests": {
        "zh_jieshi": {
          "success": true,
          "score": 0.9762589663502538
        },
        "zh_chazhao": {
          "success": true,
          "score": 0.9791632931200429
        }
      },
      "pass_rate": 1.0
    },
    "العربية (AR)": {
      "tests": {
        "ar_ishrah": {
          "success": false,
          "score": 0.978069454015944
        },
        "ar_ibhath": {
          "success": true,
          "score": 0.9873050257801603
        }
      },
      "pass_rate": 0.5
    },
    "Русский (RU)": {
      "tests": {
        "ru_obyasni": {
          "success": true,
          "score": 0.9914535949385423
        },
        "ru_naidi": {
          "success": true,
          "score": 0.9901592257431084
        }
      },
      "pass_rate": 1.0
    }
  },
  "all_results": {
    "fr_explique": {
      "success": true,
      "score": 0.9401072711689227
    },
    "fr_trouve": {
      "success": true,
      "score": 0.9799543976289968
    },
    "es_explica": {
      "success": true,
      "score": 0.9631832538174981
    },
    "es_encuentra": {
      "success": false,
      "score": 0.9470914760611497
    },
    "de_erklaere": {
      "success": true,
      "score": 0.9584464251885675
    },
    "de_finde": {
      "success": true,
      "score": 0.9792010712349993
    },
    "zh_jieshi": {
      "success": true,
      "score": 0.9762589663502538
    },
    "zh_chazhao": {
      "success": true,
      "score": 0.9791632931200429
    },
    "ar_ishrah": {
      "success": false,
      "score": 0.978069454015944
    },
    "ar_ibhath": {
      "success": true,
      "score": 0.9873050257801603
    },
    "ru_obyasni": {
      "success": true,
      "score": 0.9914535949385423
    },
    "ru_naidi": {
      "success": true,
      "score": 0.9901592257431084
    }
  }
}