{
  "model": "models/qwen3-deposium-1024d",
  "dimensions": 1024,
  "overall_quality": 0.3745276997040636,
  "semantic_similarity": 0.5705676629480754,
  "topic_clustering": 0.3495844683745415,
  "multilingual_alignment": 0.20343096778957387,
  "silhouette_score": 0.032502270082416324,
  "cluster_purity": 0.6666666666666666,
  "avg_multilingual_similarity": 0.20343096778957387,
  "assessment": "POOR",
  "recommendation": "do_not_deploy",
  "comparison_256d": {
    "quality_256d": 0.6651,
    "quality_1024d": 0.3745276997040636,
    "improvement_percent": -43.688513050058106
  }
}