{
  "model": "Pringled/m2v-Qwen3-Embedding-0.6B",
  "dimensions": 256,
  "overall_quality": 0.5551630534438828,
  "semantic_similarity": 0.7238011359140919,
  "topic_clustering": 0.6257086021388674,
  "multilingual_alignment": 0.3159794222786894,
  "silhouette_score": 0.2514172042777347,
  "cluster_purity": 1.0,
  "avg_multilingual_similarity": 0.3159794222786894,
  "assessment": "FAIR",
  "recommendation": "test_first"
}