{
  "model": "Pringled/m2v-Qwen3-Embedding-0.6B",
  "overall_quality": 0.6650832821957352,
  "semantic_similarity": 0.9,
  "topic_clustering": 0.43514691753097806,
  "multilingual_alignment": 0.6601029290562274,
  "silhouette_score": 0.21757345876548903,
  "avg_multilingual_similarity": 0.4620720503393591,
  "recommendation": "deploy"
}